year,total_patents,predicted_total_patents,model
2017,1599,1879.8539126280457,Linear Regression
2018,1376,1665.722693737538,Linear Regression
2019,1632,1364.616893516566,Linear Regression
2020,1391,-791.3474750612672,Linear Regression
2021,1404,-7170.2003198055145,Linear Regression
2022,1418,-12720.830765883244,Linear Regression
2023,1208,-23083.76042068437,Linear Regression
2024,1549,-22793.796206553223,Linear Regression
2025,1177,-22620.033927142085,Linear Regression
