lag,correlation,ci_lower,ci_upper,significant_at_95pct
0,1.0,1.0,1.0,False
1,0.950668,0.673488,1.227849,True
2,-0.104404,-0.381585,0.172777,False
3,-0.132422,-0.409602,0.144759,False
4,-0.232334,-0.509515,0.044847,False
5,0.108069,-0.169112,0.38525,False
6,-0.145337,-0.422517,0.131844,False
7,0.10654,-0.170641,0.383721,False
8,0.094968,-0.182213,0.372149,False
9,-0.099523,-0.376704,0.177657,False
10,0.004876,-0.272304,0.282057,False
