year,total_patents,predicted_total_patents,model
2017,1599,1483.3011474609375,XGBoost
2018,1376,1500.4560546875,XGBoost
2019,1632,1499.9119873046875,XGBoost
2020,1391,1491.98486328125,XGBoost
2021,1404,1498.6441650390625,XGBoost
2022,1418,1478.9219970703125,XGBoost
2023,1208,1478.9219970703125,XGBoost
2024,1549,1441.8701171875,XGBoost
2025,1177,1468.6968994140625,XGBoost
